,id,id_simbolo,ultimo_precio,ultimo_fecha,ultimo_size,fecha_insercion,bi_1_precio,bi_1_size,bi_2_precio,bi_2_size,bi_3_precio,bi_3_size,bi_4_precio,bi_4_size,bi_5_precio,bi_5_size,of_1_precio,of_1_size,of_2_precio,of_2_size,of_3_precio,of_3_size,of_4_precio,of_4_size,of_5_precio,of_5_size,biof_fecha,insercion_dia,ev,nv
0,894816451,MERV - XMEV - GFGC3000AB - 24hs,94.0,2024-04-11 14:00:02,2,2024-04-11 14:00:09.838,90.0,213,88.05,9,88.0,22,87.901,2,87.0,210,94.0,2,95.5,12,98.897,29,99.0,11,102.0,2,2024-04-11 14:00:05.661,,0,0
1,894816494,MERV - XMEV - GFGC3300AB - 24hs,10.6,2024-04-11 14:00:03,70,2024-04-11 14:00:12.921,8.5,2,5.2,100,5.0,72,4.0,50,0.1,150,10.6,70,15.0,3,20.5,13,27.0,20,35.0,7,2024-04-11 14:00:05.764,,0,0
2,894816682,MERV - XMEV - GFGC3000AB - 24hs,95.5,2024-04-11 14:00:02,12,2024-04-11 14:00:22.688,95.5,1,90.0,213,88.05,9,88.0,22,87.901,2,98.897,29,99.0,11,102.0,2,103.0,7,104.5,3,2024-04-11 14:00:06.161,,133400,14
3,894816710,MERV - XMEV - GFGC3300AB - 24hs,10.6,2024-04-11 14:00:03,70,2024-04-11 14:00:22.769,8.5,2,5.2,100,5.0,72,4.0,50,0.1,150,15.0,3,20.5,13,27.0,20,35.0,7,47.0,60,2024-04-11 14:00:06.264,,74200,70
4,894816788,MERV - XMEV - GFGC3300AB - 24hs,10.6,2024-04-11 14:00:03,70,2024-04-11 14:00:28.500,10.6,170,8.5,2,5.2,100,5.0,72,4.0,50,15.0,3,20.5,13,27.0,20,35.0,7,47.0,60,2024-04-11 14:00:07.201,,74200,70
5,894816860,MERV - XMEV - GFGC3300AB - 24hs,10.6,2024-04-11 14:00:03,70,2024-04-11 14:00:35.804,11.5,30,10.6,170,8.5,2,5.2,100,5.0,72,15.0,3,20.5,13,27.0,20,35.0,7,47.0,60,2024-04-11 14:00:07.981,,74200,70
6,894817010,MERV - XMEV - GFGC3300AB - 24hs,10.6,2024-04-11 14:00:03,70,2024-04-11 14:00:49.171,11.5,30,11.0,70,10.6,170,8.5,2,5.2,100,15.0,3,20.5,13,27.0,20,35.0,7,47.0,60,2024-04-11 14:00:09.328,,74200,70
7,894817031,MERV - XMEV - GFGV2400AB - 24hs,0.6,2024-04-11 14:00:10,4,2024-04-11 14:00:49.385,0.6,4,0.0,0,0.0,0,0.0,0,0.0,0,1.5,72,2.09,12,30.0,81,34.0,60,0.0,0,2024-04-11 14:00:10.027,,0,0
8,894817035,MERV - XMEV - GFGC3000AB - 24hs,95.5,2024-04-11 14:00:02,12,2024-04-11 14:00:49.397,96.897,2,95.5,2,90.0,213,88.05,9,88.0,22,98.897,29,99.0,11,102.0,2,103.0,7,104.5,3,2024-04-11 14:00:10.045,,133400,14
9,894817069,MERV - XMEV - GFGC2300AB - 24hs,742.0,2024-04-11 14:00:10,1,2024-04-11 14:00:50.376,0.0,0,0.0,0,0.0,0,0.0,0,0.0,0,742.0,1,744.0,1,0.0,0,0.0,0,0.0,0,2024-04-11 14:00:10.536,,0,0
10,894817086,MERV - XMEV - GFGV2400AB - 24hs,0.6,2024-04-11 14:00:10,4,2024-04-11 14:00:52.958,0.0,0,0.0,0,0.0,0,0.0,0,0.0,0,1.5,72,2.09,12,30.0,81,34.0,60,0.0,0,2024-04-11 14:00:11.027,,240,4
11,894817087,MERV - XMEV - GFGC2300AB - 24hs,744.0,2024-04-11 14:00:10,1,2024-04-11 14:00:53.027,0.0,0,0.0,0,0.0,0,0.0,0,0.0,0,742.0,1,744.0,1,0.0,0,0.0,0,0.0,0,2024-04-11 14:00:11.036,,0,0
12,894817123,MERV - XMEV - GFGC2300AB - 24hs,744.0,2024-04-11 14:00:10,1,2024-04-11 14:00:55.164,0.0,0,0.0,0,0.0,0,0.0,0,0.0,0,0.0,0,0.0,0,0.0,0,0.0,0,0.0,0,2024-04-11 14:00:11.537,,148600,2
13,894817169,MERV - XMEV - GFGC3000AB - 24hs,95.5,2024-04-11 14:00:02,12,2024-04-11 14:00:55.862,96.897,2,95.5,2,94.0,5,90.0,213,88.05,9,98.897,29,99.0,11,102.0,2,103.0,7,104.5,3,2024-04-11 14:00:12.449,,133400,14
14,894817366,MERV - XMEV - GFGC3000AB - 24hs,96.897,2024-04-11 14:00:16,2,2024-04-11 14:01:14.383,96.897,2,95.5,2,94.0,5,90.0,213,88.05,9,98.897,29,99.0,11,102.0,2,103.0,7,104.5,3,2024-04-11 14:00:16.577,,133400,14
15,894817388,MERV - XMEV - GFGC3000AB - 24hs,99.0,2024-04-11 14:00:16,8,2024-04-11 14:01:14.685,96.897,2,95.5,2,94.0,5,90.0,213,88.05,9,98.897,29,99.0,11,102.0,2,103.0,7,104.5,3,2024-04-11 14:00:17.077,,152779,16
16,894817413,MERV - XMEV - GFGC3000AB - 24hs,99.0,2024-04-11 14:00:16,8,2024-04-11 14:01:14.770,99.0,83,95.5,2,94.0,5,90.0,83,88.05,9,102.0,2,103.0,7,104.5,3,105.0,1,109.0,2,2024-04-11 14:00:17.577,,616309,63
17,894817459,MERV - XMEV - GFGC3300AB - 24hs,10.6,2024-04-11 14:00:03,70,2024-04-11 14:01:24.238,11.5,30,11.0,70,10.6,100,8.5,2,5.2,100,15.0,3,20.5,13,27.0,20,35.0,7,47.0,60,2024-04-11 14:00:18.549,,74200,70
18,894817536,MERV - XMEV - GFGC3300AB - 24hs,10.6,2024-04-11 14:00:03,70,2024-04-11 14:01:33.307,11.5,30,10.6,100,8.5,2,5.2,100,5.0,72,15.0,3,20.5,13,27.0,20,35.0,7,47.0,60,2024-04-11 14:00:20.052,,74200,70
19,894817859,MERV - XMEV - GFGC3000AB - 24hs,99.0,2024-04-11 14:00:16,8,2024-04-11 14:02:24.993,100.97,10,99.0,83,95.5,2,94.0,5,90.0,83,102.0,2,103.0,7,104.5,3,105.0,1,109.0,2,2024-04-11 14:00:23.163,,616309,63
20,894817929,MERV - XMEV - GFGC3000AB - 24hs,99.0,2024-04-11 14:00:16,8,2024-04-11 14:02:34.974,100.97,10,99.0,83,95.5,2,95.097,29,94.0,5,102.0,2,103.0,7,104.5,3,105.0,1,109.0,2,2024-04-11 14:00:23.695,,616309,63
21,894818106,MERV - XMEV - GFGC3000AB - 24hs,102.0,2024-04-11 14:00:25,2,2024-04-11 14:03:05.017,100.97,10,99.0,83,95.5,2,95.097,29,94.0,5,102.0,2,103.0,7,104.5,3,105.0,1,109.0,2,2024-04-11 14:00:25.711,,616309,63
22,894818152,MERV - XMEV - GFGC3000AB - 24hs,102.0,2024-04-11 14:00:25,2,2024-04-11 14:03:12.966,102.0,81,100.97,10,95.5,1,95.097,29,94.0,5,103.0,7,104.5,3,105.0,1,109.0,2,110.0,39,2024-04-11 14:00:26.345,,616309,63
23,894818182,MERV - XMEV - GFGC3000AB - 24hs,102.0,2024-04-11 14:00:26,10,2024-04-11 14:03:15.516,102.0,81,100.97,10,95.5,1,95.097,29,94.0,5,103.0,7,104.5,3,105.0,1,109.0,2,110.0,39,2024-04-11 14:00:26.878,,738709,75
24,894818224,MERV - XMEV - GFGC3000AB - 24hs,102.0,2024-04-11 14:00:26,10,2024-04-11 14:03:25.694,102.0,71,100.97,10,95.5,1,95.097,29,94.0,5,103.0,7,104.5,3,105.0,1,109.0,2,110.0,39,2024-04-11 14:00:27.379,,738709,75
25,894818321,MERV - XMEV - GFGC3000AB - 24hs,102.0,2024-04-11 14:00:28,71,2024-04-11 14:03:42.886,102.0,71,100.97,10,95.5,1,95.097,29,94.0,5,103.0,7,104.5,3,105.0,1,109.0,2,110.0,39,2024-04-11 14:00:28.718,,738709,75
26,894818375,MERV - XMEV - GFGC3000AB - 24hs,102.0,2024-04-11 14:00:28,71,2024-04-11 14:03:50.517,100.97,10,95.5,1,95.097,29,94.0,5,90.0,83,102.0,42,103.0,7,104.5,3,105.0,1,109.0,2,2024-04-11 14:00:29.389,,738709,75
27,894818404,MERV - XMEV - GFGC3000AB - 24hs,102.0,2024-04-11 14:00:28,71,2024-04-11 14:03:56.819,100.97,10,95.5,1,95.097,29,94.0,5,90.0,83,102.0,42,103.0,7,104.5,3,105.0,1,109.0,2,2024-04-11 14:00:29.890,,1462909,146
28,894818451,MERV - XMEV - GFGC3300AB - 24hs,10.6,2024-04-11 14:00:03,70,2024-04-11 14:04:05.373,11.5,30,10.6,30,8.5,2,5.2,100,5.0,72,15.0,3,20.5,13,27.0,20,35.0,7,47.0,60,2024-04-11 14:00:30.789,,74200,70
29,894818581,MERV - XMEV - GFGC3000AB - 24hs,102.0,2024-04-11 14:00:28,71,2024-04-11 14:04:27.116,100.97,10,95.5,1,95.097,29,94.0,5,90.0,53,102.0,42,103.0,7,104.5,3,105.0,1,109.0,2,2024-04-11 14:00:33.273,,1462909,146
30,894818689,MERV - XMEV - GFGC3000AB - 24hs,102.0,2024-04-11 14:00:28,71,2024-04-11 14:04:38.711,100.97,10,95.5,1,95.097,29,94.0,5,90.0,9,102.0,42,103.0,7,104.5,3,105.0,1,109.0,2,2024-04-11 14:00:34.842,,1462909,146
31,894818698,MERV - XMEV - GFGV2400AB - 24hs,0.6,2024-04-11 14:00:10,4,2024-04-11 14:04:38.737,0.0,0,0.0,0,0.0,0,0.0,0,0.0,0,0.6,35,1.5,72,2.09,12,30.0,81,34.0,60,2024-04-11 14:00:34.925,,240,4
32,894818738,MERV - XMEV - GFGC3000AB - 24hs,102.0,2024-04-11 14:00:35,7,2024-04-11 14:04:42.639,100.97,10,95.5,1,95.097,29,94.0,5,90.0,9,102.0,42,103.0,7,104.5,3,105.0,1,109.0,2,2024-04-11 14:00:35.544,,1462909,146
33,894818778,MERV - XMEV - GFGC3000AB - 24hs,102.0,2024-04-11 14:00:35,7,2024-04-11 14:04:43.956,100.97,10,95.5,1,95.097,29,94.0,5,90.0,9,102.0,35,103.0,7,104.5,3,105.0,1,109.0,2,2024-04-11 14:00:36.210,,1462909,146
34,894818800,MERV - XMEV - GFGC3000AB - 24hs,102.0,2024-04-11 14:00:35,7,2024-04-11 14:04:44.028,100.97,10,95.5,1,95.097,29,94.0,5,90.0,9,102.0,35,103.0,7,104.5,3,105.0,1,109.0,2,2024-04-11 14:00:36.710,,1534309,153
35,894818828,MERV - XMEV - GFGC4200JU - 24hs,42.0,2024-04-11 14:00:37,25,2024-04-11 14:04:47.061,41.0,30,40.0,9,0.0,0,0.0,0,0.0,0,42.0,36,82.0,18,0.0,0,0.0,0,0.0,0,2024-04-11 14:00:37.179,,0,0
36,894818830,MERV - XMEV - GFGC3000AB - 24hs,100.97,2024-04-11 14:00:37,10,2024-04-11 14:04:47.317,100.97,10,95.5,1,95.097,29,94.0,5,90.0,9,102.0,35,103.0,7,104.5,3,105.0,1,109.0,2,2024-04-11 14:00:37.214,,1534309,153
37,894818854,MERV - XMEV - GFGC3000AB - 24hs,100.97,2024-04-11 14:00:37,10,2024-04-11 14:04:49.261,95.5,1,95.097,29,94.0,5,90.0,9,88.05,9,100.97,4,102.0,35,103.0,7,104.5,3,105.0,1,2024-04-11 14:00:37.714,,1534309,153
38,894818877,MERV - XMEV - GFGC4200JU - 24hs,42.0,2024-04-11 14:00:37,25,2024-04-11 14:04:49.336,41.0,30,40.0,9,0.0,0,0.0,0,0.0,0,42.0,11,82.0,18,0.0,0,0.0,0,0.0,0,2024-04-11 14:00:38.181,,105000,25
39,894818879,MERV - XMEV - GFGC3000AB - 24hs,102.0,2024-04-11 14:00:37,31,2024-04-11 14:04:49.342,95.5,1,95.097,29,94.0,5,90.0,9,88.05,9,100.97,4,102.0,35,103.0,7,104.5,3,105.0,1,2024-04-11 14:00:38.214,,1635279,163
40,894818906,MERV - XMEV - GFGC3000AB - 24hs,102.0,2024-04-11 14:00:37,31,2024-04-11 14:04:50.893,95.5,1,95.097,29,94.0,5,90.0,9,88.05,9,102.0,4,103.0,7,104.5,3,105.0,1,109.0,2,2024-04-11 14:00:38.714,,1991867,198
41,894818948,MERV - XMEV - GFGC3000AB - 24hs,102.0,2024-04-11 14:00:39,4,2024-04-11 14:04:54.633,95.5,1,95.097,29,94.0,5,90.0,9,88.05,9,102.0,4,103.0,7,104.5,3,105.0,1,109.0,2,2024-04-11 14:00:39.214,,1991867,198
42,894818974,MERV - XMEV - GFGC3000AB - 24hs,102.0,2024-04-11 14:00:39,4,2024-04-11 14:04:54.716,102.0,31,95.5,1,95.097,29,94.0,5,90.0,9,103.0,7,104.5,3,105.0,1,109.0,2,110.0,29,2024-04-11 14:00:39.762,,1991867,198
43,894819004,MERV - XMEV - GFGC3000AB - 24hs,102.0,2024-04-11 14:00:39,4,2024-04-11 14:04:56.166,102.0,31,95.5,1,95.097,29,94.0,5,90.0,9,103.0,7,104.5,3,105.0,1,109.0,2,110.0,29,2024-04-11 14:00:40.262,,2032667,202
44,894819023,MERV - XMEV - GFGC3000AB - 24hs,102.0,2024-04-11 14:00:40,10,2024-04-11 14:04:58.370,102.0,31,95.5,1,95.097,29,94.0,5,90.0,9,103.0,7,104.5,3,105.0,1,109.0,2,110.0,29,2024-04-11 14:00:40.762,,2032667,202
45,894819056,MERV - XMEV - GFGC3000AB - 24hs,102.0,2024-04-11 14:00:40,10,2024-04-11 14:04:59.884,102.0,21,95.5,1,95.097,29,94.0,5,90.0,9,103.0,7,104.5,3,105.0,1,109.0,2,110.0,29,2024-04-11 14:00:41.408,,2032667,202
46,894819065,MERV - XMEV - GFGC3300AB - 24hs,10.6,2024-04-11 14:00:03,70,2024-04-11 14:04:59.909,11.5,30,10.6,30,8.5,2,5.2,100,5.0,72,15.0,65,20.5,13,27.0,20,35.0,7,47.0,60,2024-04-11 14:00:41.691,,74200,70
47,894819075,MERV - XMEV - GFGC3000AB - 24hs,102.0,2024-04-11 14:00:40,10,2024-04-11 14:04:59.940,102.0,21,95.5,1,95.097,29,94.0,5,90.0,9,103.0,7,104.5,3,105.0,1,109.0,2,110.0,29,2024-04-11 14:00:41.907,,2134667,212
48,894819080,MERV - XMEV - GFGC4200JU - 24hs,42.0,2024-04-11 14:00:37,25,2024-04-11 14:04:59.956,40.0,9,0.0,0,0.0,0,0.0,0,0.0,0,42.0,11,82.0,18,0.0,0,0.0,0,0.0,0,2024-04-11 14:00:41.973,,105000,25
49,894819097,MERV - XMEV - GFGC3000AB - 24hs,102.0,2024-04-11 14:00:42,9,2024-04-11 14:05:01.275,102.0,21,95.5,1,95.097,29,94.0,5,90.0,9,103.0,7,104.5,3,105.0,1,109.0,2,110.0,29,2024-04-11 14:00:42.408,,2134667,212
50,894819120,MERV - XMEV - GFGC3000AB - 24hs,102.0,2024-04-11 14:00:42,2,2024-04-11 14:05:05.452,102.0,10,95.5,1,95.097,29,94.0,5,90.0,9,103.0,7,104.5,3,105.0,1,109.0,2,110.0,17,2024-04-11 14:00:42.908,,2246867,223
51,894819206,MERV - XMEV - GFGC3000AB - 24hs,102.0,2024-04-11 14:00:44,10,2024-04-11 14:05:12.519,102.0,10,95.5,1,95.097,29,94.0,5,90.0,9,103.0,7,104.5,3,105.0,1,109.0,2,110.0,17,2024-04-11 14:00:44.668,,2246867,223
52,894819216,MERV - XMEV - GFGC3600AB - 24hs,3.1,2024-04-11 14:00:44,10,2024-04-11 14:05:14.583,1.101,10,1.1,15,1.0,100,0.3,60,0.0,0,3.1,17,4.99,30,5.0,20,6.0,2,7.0,8,2024-04-11 14:00:44.895,,0,0
53,894819242,MERV - XMEV - GFGC3000AB - 24hs,102.0,2024-04-11 14:00:44,10,2024-04-11 14:05:15.883,95.5,1,95.097,29,94.0,5,90.0,9,88.05,9,103.0,7,104.5,3,105.0,1,109.0,2,110.0,17,2024-04-11 14:00:45.336,,2246867,223
54,894819269,MERV - XMEV - GFGC3000AB - 24hs,102.0,2024-04-11 14:00:44,10,2024-04-11 14:05:15.972,95.5,1,95.097,29,94.0,5,90.0,9,88.05,9,103.0,7,104.5,3,105.0,1,109.0,2,110.0,17,2024-04-11 14:00:45.834,,2348867,233
55,894819275,MERV - XMEV - GFGC3600AB - 24hs,3.1,2024-04-11 14:00:44,10,2024-04-11 14:05:16.388,1.101,10,1.1,15,1.0,100,0.3,60,0.0,0,3.1,7,4.99,30,5.0,20,6.0,2,7.0,8,2024-04-11 14:00:45.895,,3100,10
56,894819300,MERV - XMEV - GFGC3000AB - 24hs,102.0,2024-04-11 14:00:44,10,2024-04-11 14:05:20.485,95.5,1,95.097,29,94.0,5,90.0,9,88.05,9,102.0,1,103.0,7,104.5,3,105.0,1,109.0,2,2024-04-11 14:00:46.334,,2348867,233
57,894819337,MERV - XMEV - GFGC3300AB - 24hs,10.6,2024-04-11 14:00:03,70,2024-04-11 14:05:23.516,11.5,30,10.6,30,8.5,2,5.2,100,5.0,72,13.0,50,15.0,65,20.5,13,27.0,20,35.0,7,2024-04-11 14:00:46.939,,74200,70
58,894819517,MERV - XMEV - GFGC3000AB - 24hs,102.0,2024-04-11 14:00:44,10,2024-04-11 14:05:43.058,95.5,31,95.097,29,94.0,5,90.0,9,88.05,9,102.0,1,103.0,7,104.5,3,105.0,1,109.0,2,2024-04-11 14:00:50.335,,2348867,233
59,894819611,MERV - XMEV - GFGC3000AB - 24hs,102.0,2024-04-11 14:00:44,10,2024-04-11 14:05:49.719,95.5,71,95.097,29,94.0,5,90.0,9,88.05,9,102.0,1,103.0,7,104.5,3,105.0,1,109.0,2,2024-04-11 14:00:52.075,,2348867,233
60,894819669,MERV - XMEV - GFGC3000AB - 24hs,102.0,2024-04-11 14:00:53,1,2024-04-11 14:05:51.055,95.5,71,95.097,29,94.0,5,90.0,9,88.05,9,102.0,1,103.0,7,104.5,3,105.0,1,109.0,2,2024-04-11 14:00:53.109,,2348867,233
61,894819674,MERV - XMEV - GFGC4200JU - 24hs,42.0,2024-04-11 14:00:37,25,2024-04-11 14:05:51.819,40.0,9,0.0,0,0.0,0,0.0,0,0.0,0,42.0,11,51.0,25,82.0,18,0.0,0,0.0,0,2024-04-11 14:00:53.251,,105000,25
62,894819696,MERV - XMEV - GFGC3000AB - 24hs,102.0,2024-04-11 14:00:53,1,2024-04-11 14:05:56.287,95.5,71,95.097,29,94.0,5,90.0,9,88.05,9,103.0,7,104.5,3,105.0,1,109.0,2,110.0,17,2024-04-11 14:00:53.795,,2348867,233
63,894819724,MERV - XMEV - GFGC3000AB - 24hs,102.0,2024-04-11 14:00:53,1,2024-04-11 14:05:57.636,95.5,71,95.097,29,94.0,5,90.0,9,88.05,9,103.0,7,104.5,3,105.0,1,109.0,2,110.0,17,2024-04-11 14:00:54.295,,2359067,234
64,894819795,MERV - XMEV - GFGC3000AB - 24hs,102.0,2024-04-11 14:00:53,1,2024-04-11 14:06:02.103,96.0,50,95.5,71,95.097,29,94.0,5,90.0,9,103.0,7,104.5,3,105.0,1,109.0,2,110.0,17,2024-04-11 14:00:55.397,,2359067,234
65,894819869,MERV - XMEV - GFGC3000AB - 24hs,103.0,2024-04-11 14:00:56,7,2024-04-11 14:06:05.465,96.0,50,95.5,71,95.097,29,94.0,5,90.0,9,103.0,7,104.5,3,105.0,1,109.0,2,110.0,17,2024-04-11 14:00:56.623,,2359067,234
66,894819893,MERV - XMEV - GFGC3000AB - 24hs,103.0,2024-04-11 14:00:56,7,2024-04-11 14:06:08.686,103.0,3,96.0,50,95.5,71,95.097,29,94.0,5,103.997,9,104.5,3,105.0,1,109.0,2,110.0,17,2024-04-11 14:00:57.122,,2359067,234
67,894819930,MERV - XMEV - GFGC3000AB - 24hs,103.0,2024-04-11 14:00:56,7,2024-04-11 14:06:11.072,103.0,3,96.0,50,95.5,71,95.097,29,94.0,5,103.997,9,104.5,3,105.0,1,109.0,2,110.0,17,2024-04-11 14:00:57.623,,2431167,241
68,894819959,MERV - XMEV - GFGC3000AB - 24hs,103.0,2024-04-11 14:00:57,3,2024-04-11 14:06:16.505,103.0,3,96.0,50,95.5,71,95.097,29,94.0,5,103.997,9,104.5,3,105.0,1,109.0,2,110.0,17,2024-04-11 14:00:58.123,,2431167,241
69,894820008,MERV - XMEV - GFGC3000AB - 24hs,103.0,2024-04-11 14:00:57,3,2024-04-11 14:06:20.823,96.0,50,95.5,71,95.097,29,94.0,5,90.0,9,102.0,27,103.997,9,104.5,3,105.0,1,109.0,2,2024-04-11 14:00:58.622,,2462067,244
70,894820106,MERV - XMEV - GFGC3000AB - 24hs,103.0,2024-04-11 14:00:57,3,2024-04-11 14:06:30.917,96.0,50,95.5,71,95.097,29,94.0,5,90.0,9,102.0,52,103.997,9,104.5,3,105.0,1,109.0,2,2024-04-11 14:01:00.299,,2462067,244
71,894820217,MERV - XMEV - GFGC3000AB - 24hs,103.0,2024-04-11 14:00:57,3,2024-04-11 14:06:47.284,100.0,50,98.0,10,96.0,50,95.5,71,95.097,29,102.0,52,103.997,9,104.5,3,105.0,1,109.0,2,2024-04-11 14:01:02.194,,2462067,244
72,894820274,MERV - XMEV - GFGC3000AB - 24hs,102.0,2024-04-11 14:01:03,27,2024-04-11 14:06:52.383,100.0,50,98.0,10,96.0,50,95.5,71,95.097,29,102.0,52,103.997,9,104.5,3,105.0,1,109.0,2,2024-04-11 14:01:03.045,,2462067,244
73,894820322,MERV - XMEV - GFGC3000AB - 24hs,102.0,2024-04-11 14:01:03,27,2024-04-11 14:07:02.726,100.0,50,98.0,10,96.0,50,95.5,71,95.097,29,102.0,25,103.997,9,104.5,3,105.0,1,109.0,2,2024-04-11 14:01:03.713,,2462067,244
74,894820341,MERV - XMEV - GFGC3600AB - 24hs,3.1,2024-04-11 14:00:44,10,2024-04-11 14:07:04.580,1.101,10,1.1,15,1.0,100,0.3,60,0.0,0,3.1,7,4.99,30,5.0,20,6.0,36,7.0,8,2024-04-11 14:01:04.087,,3100,10
75,894820347,MERV - XMEV - GFGC3000AB - 24hs,102.0,2024-04-11 14:01:03,27,2024-04-11 14:07:05.108,100.0,50,98.0,10,96.0,50,95.5,71,95.097,29,102.0,25,103.997,9,104.5,3,105.0,1,109.0,2,2024-04-11 14:01:04.212,,2737467,271
76,894820618,MERV - XMEV - GFGC3000AB - 24hs,102.0,2024-04-11 14:01:03,27,2024-04-11 14:07:49.951,100.0,50,98.0,10,96.0,50,95.5,71,95.097,29,101.99,25,102.0,25,103.997,9,104.5,3,105.0,1,2024-04-11 14:01:07.584,,2737467,271
77,894820679,MERV - XMEV - GFGC3000AB - 24hs,101.99,2024-04-11 14:01:08,25,2024-04-11 14:08:00.987,100.0,50,98.0,10,96.0,50,95.5,71,95.097,29,101.99,25,102.0,25,103.997,9,104.5,3,105.0,1,2024-04-11 14:01:08.954,,2737467,271
78,894820765,MERV - XMEV - GFGC3000AB - 24hs,101.99,2024-04-11 14:01:08,25,2024-04-11 14:08:14.227,100.0,55,98.0,10,96.0,50,95.5,71,95.097,29,102.0,25,103.997,9,104.5,3,105.0,1,109.0,2,2024-04-11 14:01:12.086,,2737467,271
79,894820811,MERV - XMEV - GFGC3300AB - 24hs,10.6,2024-04-11 14:00:03,70,2024-04-11 14:08:22.458,10.6,30,8.5,2,5.2,100,5.0,72,4.0,50,13.0,50,15.0,65,20.5,13,27.0,20,35.0,7,2024-04-11 14:01:12.276,,74200,70
80,894820852,MERV - XMEV - GFGC3000AB - 24hs,100.0,2024-04-11 14:01:09,35,2024-04-11 14:08:26.699,100.0,20,98.0,10,96.0,50,95.5,71,95.097,29,102.0,25,103.997,9,104.5,3,105.0,1,109.0,2,2024-04-11 14:01:12.585,,3342442,331
81,894821223,MERV - XMEV - GFGC3000AB - 24hs,100.0,2024-04-11 14:01:09,35,2024-04-11 14:09:18.447,100.0,20,98.0,10,96.0,50,95.5,71,95.097,29,102.0,27,103.997,9,104.5,3,105.0,1,109.0,2,2024-04-11 14:01:18.372,,3342442,331
82,894821288,MERV - XMEV - GFGC3000AB - 24hs,100.0,2024-04-11 14:01:18,4,2024-04-11 14:09:25.138,100.0,20,98.0,10,96.0,50,95.5,71,95.097,29,102.0,27,103.997,9,104.5,3,105.0,1,109.0,2,2024-04-11 14:01:21.357,,3342442,331
83,894821297,MERV - XMEV - GFGC2900AB - 24hs,185.0,2024-04-11 14:01:19,4,2024-04-11 14:09:25.169,170.0,4,150.0,6,145.0,6,0.0,0,0.0,0,185.0,4,191.0,2,198.0,16,210.0,20,0.0,0,2024-04-11 14:01:21.389,,0,0
84,894821372,MERV - XMEV - GFGC3000AB - 24hs,100.0,2024-04-11 14:01:21,5,2024-04-11 14:09:33.657,100.0,16,98.0,10,96.0,50,95.5,71,95.097,29,102.0,27,104.5,3,105.0,1,109.0,2,110.0,22,2024-04-11 14:01:21.857,,3382442,335
85,894821378,MERV - XMEV - GFGC2900AB - 24hs,185.0,2024-04-11 14:01:19,4,2024-04-11 14:09:33.678,170.0,4,150.0,6,145.0,6,0.0,0,0.0,0,191.0,2,198.0,16,210.0,20,0.0,0,0.0,0,2024-04-11 14:01:21.890,,74000,4
86,894821418,MERV - XMEV - GFGC3000AB - 24hs,100.0,2024-04-11 14:01:21,5,2024-04-11 14:09:37.236,98.0,10,96.0,50,95.5,71,95.097,29,94.0,5,102.0,27,104.5,3,105.0,1,109.0,2,110.0,22,2024-04-11 14:01:22.357,,3542442,351
87,894821616,MERV - XMEV - GFGC3000AB - 24hs,100.0,2024-04-11 14:01:21,5,2024-04-11 14:09:55.456,98.0,10,96.0,50,95.5,30,95.097,29,94.0,5,102.0,27,104.5,3,105.0,1,109.0,2,110.0,22,2024-04-11 14:01:25.039,,3542442,351
88,894821617,MERV - XMEV - GFGC2900AB - 24hs,185.0,2024-04-11 14:01:19,4,2024-04-11 14:09:55.594,170.0,4,150.0,6,145.0,6,0.0,0,0.0,0,190.999,2,191.0,2,198.0,16,210.0,20,0.0,0,2024-04-11 14:01:25.041,,74000,4
89,894821929,MERV - XMEV - GFGC3300AB - 24hs,10.6,2024-04-11 14:00:03,70,2024-04-11 14:10:16.166,10.6,30,8.5,2,5.21,40,5.2,100,5.0,72,13.0,50,15.0,65,20.5,13,27.0,20,35.0,7,2024-04-11 14:01:30.420,,74200,70
90,894822211,MERV - XMEV - GFGC3000AB - 24hs,100.0,2024-04-11 14:01:21,5,2024-04-11 14:10:38.288,98.0,10,95.5,30,95.097,29,94.0,5,90.0,9,102.0,27,104.5,3,105.0,1,109.0,2,110.0,22,2024-04-11 14:01:34.849,,3542442,351
91,894822279,MERV - XMEV - GFGC2900AB - 24hs,185.0,2024-04-11 14:01:19,4,2024-04-11 14:10:46.255,170.0,4,150.0,6,145.0,6,0.0,0,0.0,0,190.999,2,191.0,2,198.0,16,200.0,4,210.0,20,2024-04-11 14:01:36.170,,74000,4
92,894822372,MERV - XMEV - GFGC3000AB - 24hs,100.0,2024-04-11 14:01:21,5,2024-04-11 14:10:56.363,98.0,10,95.5,30,95.097,29,94.0,5,90.0,9,102.0,30,104.5,3,105.0,1,109.0,2,110.0,22,2024-04-11 14:01:37.734,,3542442,351
93,894822405,MERV - XMEV - GFGC2900AB - 24hs,185.0,2024-04-11 14:01:19,4,2024-04-11 14:11:03.417,170.0,4,150.0,6,145.0,6,0.0,0,0.0,0,190.0,20,190.999,2,191.0,2,198.0,16,200.0,4,2024-04-11 14:01:38.220,,74000,4
94,894822456,MERV - XMEV - GFGC3000AB - 24hs,100.0,2024-04-11 14:01:21,5,2024-04-11 14:11:12.340,98.0,20,95.5,30,95.097,29,94.0,5,90.0,9,102.0,30,103.0,1,104.5,3,105.0,1,109.0,2,2024-04-11 14:01:39.090,,3542442,351
95,894822509,MERV - XMEV - GFGC2300AB - 24hs,744.0,2024-04-11 14:00:10,1,2024-04-11 14:11:22.978,0.0,0,0.0,0,0.0,0,0.0,0,0.0,0,780.0,2,0.0,0,0.0,0,0.0,0,0.0,0,2024-04-11 14:01:39.699,,148600,2
96,894822543,MERV - XMEV - GFGC3000AB - 24hs,100.0,2024-04-11 14:01:21,5,2024-04-11 14:11:26.073,98.0,20,95.5,30,95.097,29,94.0,5,90.0,9,101.57,7,102.0,30,103.0,1,104.5,3,105.0,1,2024-04-11 14:01:40.252,,3542442,351
97,894822631,MERV - XMEV - GFGC3000AB - 24hs,100.0,2024-04-11 14:01:21,5,2024-04-11 14:11:41.228,98.0,20,95.5,30,95.097,29,94.0,5,90.0,9,101.57,7,102.0,40,103.0,1,104.5,3,105.0,1,2024-04-11 14:01:41.616,,3542442,351
98,894822999,MERV - XMEV - GFGC3150AB - 24hs,35.0,2024-04-11 14:01:42,10,2024-04-11 14:12:47.477,30.0,52,29.1,5,29.0,110,28.0,30,26.0,30,35.0,12,37.0,2,40.0,55,40.5,2,45.0,4,2024-04-11 14:01:42.784,,0,0
99,894823051,MERV - XMEV - GFGC3150AB - 24hs,35.0,2024-04-11 14:01:42,2,2024-04-11 14:12:55.671,30.0,52,29.1,5,29.0,110,28.0,30,26.0,30,35.0,12,37.0,2,40.0,55,40.5,2,45.0,4,2024-04-11 14:01:43.285,,0,0
100,894823073,MERV - XMEV - GFGC3150AB - 24hs,35.0,2024-04-11 14:01:42,2,2024-04-11 14:12:58.858,30.0,52,29.1,5,29.0,110,28.0,30,26.0,30,37.0,2,40.0,55,40.5,2,45.0,4,50.0,108,2024-04-11 14:01:43.785,,42000,12
101,894823247,MERV - XMEV - GFGC3150AB - 24hs,35.0,2024-04-11 14:01:42,2,2024-04-11 14:13:26.895,31.0,50,30.0,52,29.1,5,29.0,110,28.0,30,37.0,2,40.0,55,40.5,2,45.0,4,50.0,108,2024-04-11 14:01:45.233,,42000,12
102,894824329,MERV - XMEV - GFGC3000AB - 24hs,100.0,2024-04-11 14:01:21,5,2024-04-11 14:15:19.841,98.0,20,97.26,2,95.5,30,95.097,29,94.0,5,101.57,7,102.0,40,103.0,1,104.5,3,105.0,1,2024-04-11 14:01:51.767,,3542442,351
103,894824508,MERV - XMEV - GFGC3150AB - 24hs,35.0,2024-04-11 14:01:42,2,2024-04-11 14:15:35.610,31.0,50,30.0,52,29.1,5,29.0,110,28.0,30,33.0,52,37.0,2,40.0,55,40.5,2,45.0,4,2024-04-11 14:01:52.731,,42000,12
104,894824695,MERV - XMEV - GFGC3000AB - 24hs,101.57,2024-04-11 14:01:52,7,2024-04-11 14:15:51.094,98.0,20,97.26,2,95.5,30,95.097,29,94.0,5,101.57,7,102.0,40,103.0,1,104.5,3,105.0,1,2024-04-11 14:01:53.362,,3542442,351
105,894824847,MERV - XMEV - GFGC3000AB - 24hs,101.57,2024-04-11 14:01:52,7,2024-04-11 14:16:03.934,98.0,20,97.19,27,95.5,30,95.097,29,94.0,5,102.0,40,103.0,1,104.5,3,105.0,1,109.0,2,2024-04-11 14:01:54.047,,3542442,351
106,894824879,MERV - XMEV - GFGC3150AB - 24hs,35.0,2024-04-11 14:01:42,2,2024-04-11 14:16:08.772,31.0,50,30.0,52,29.1,5,29.0,110,28.0,30,33.0,52,35.0,40,37.0,2,40.0,55,40.5,2,2024-04-11 14:01:54.209,,42000,12
107,894824991,MERV - XMEV - GFGC3000AB - 24hs,101.57,2024-04-11 14:01:52,7,2024-04-11 14:16:26.620,98.0,20,97.19,27,95.5,30,95.097,29,94.0,5,102.0,40,103.0,1,104.5,3,105.0,1,109.0,2,2024-04-11 14:01:54.547,,3613541,358
108,894825120,MERV - XMEV - GFGC3000AB - 24hs,101.57,2024-04-11 14:01:52,7,2024-04-11 14:16:57.656,98.0,20,95.5,30,95.097,29,94.0,5,92.0,2,102.0,40,103.0,1,104.5,3,105.0,1,109.0,2,2024-04-11 14:01:55.268,,3613541,358
109,894825380,MERV - XMEV - GFGC3000AB - 24hs,101.57,2024-04-11 14:01:52,7,2024-04-11 14:17:40.472,98.0,20,95.5,30,95.097,29,94.0,5,92.0,2,101.0,1,102.0,40,104.5,3,105.0,1,109.0,2,2024-04-11 14:01:56.425,,3613541,358
110,894825599,MERV - XMEV - GFGC3150AB - 24hs,35.0,2024-04-11 14:01:42,2,2024-04-11 14:18:11.923,31.0,50,30.0,52,29.1,5,29.0,110,28.0,30,33.0,52,35.0,40,36.0,2,37.0,2,40.0,55,2024-04-11 14:01:57.200,,42000,12
111,894825693,MERV - XMEV - GFGC3000AB - 24hs,101.57,2024-04-11 14:01:52,7,2024-04-11 14:18:23.566,99.0,20,98.0,20,95.5,30,95.097,29,94.0,5,101.0,1,102.0,40,104.5,3,105.0,1,109.0,2,2024-04-11 14:01:57.774,,3613541,358
112,894825755,MERV - XMEV - GFGC3000AB - 24hs,101.0,2024-04-11 14:01:57,1,2024-04-11 14:18:31.166,99.0,20,98.0,20,95.5,30,95.097,29,94.0,5,101.0,1,102.0,40,104.5,3,105.0,1,109.0,2,2024-04-11 14:01:58.274,,3613541,358
113,894825880,MERV - XMEV - GFGC3000AB - 24hs,101.0,2024-04-11 14:01:57,1,2024-04-11 14:18:52.935,99.0,20,98.0,20,95.5,30,95.097,29,94.0,5,102.0,40,104.5,3,105.0,1,109.0,2,110.0,22,2024-04-11 14:01:58.774,,3623641,359
114,894826201,MERV - XMEV - GFGC3150AB - 24hs,35.0,2024-04-11 14:01:42,2,2024-04-11 14:19:24.967,31.0,50,30.0,52,29.1,5,29.0,110,28.0,30,33.0,52,35.0,126,36.0,2,37.0,2,40.0,55,2024-04-11 14:01:59.987,,42000,12
115,894826298,MERV - XMEV - GFGV2400AB - 24hs,0.6,2024-04-11 14:00:10,4,2024-04-11 14:19:32.088,0.15,27,0.0,0,0.0,0,0.0,0,0.0,0,0.6,35,1.5,72,2.09,12,30.0,81,34.0,60,2024-04-11 14:02:00.242,,240,4
116,894826622,MERV - XMEV - GFGC2900AB - 24hs,185.0,2024-04-11 14:01:19,4,2024-04-11 14:20:02.824,170.0,4,150.0,6,145.0,6,0.0,0,0.0,0,188.0,10,190.0,20,190.999,2,191.0,2,198.0,16,2024-04-11 14:02:01.618,,74000,4
117,894827140,MERV - XMEV - GFGC2300AB - 24hs,744.0,2024-04-11 14:00:10,1,2024-04-11 14:20:45.053,744.0,2,0.0,0,0.0,0,0.0,0,0.0,0,780.0,2,0.0,0,0.0,0,0.0,0,0.0,0,2024-04-11 14:02:04.086,,148600,2
118,894827240,MERV - XMEV - GFGC3000AB - 24hs,101.0,2024-04-11 14:01:57,1,2024-04-11 14:20:53.001,100.0,10,99.0,20,98.0,20,95.5,30,95.097,29,102.0,40,104.5,3,105.0,1,109.0,2,110.0,22,2024-04-11 14:02:05.141,,3623641,359
119,894827303,MERV - XMEV - GFGC3000AB - 24hs,102.0,2024-04-11 14:02:05,10,2024-04-11 14:21:01.159,100.0,10,99.0,20,98.0,20,95.5,30,95.097,29,102.0,40,104.5,3,105.0,1,109.0,2,110.0,22,2024-04-11 14:02:05.643,,3623641,359
120,894827377,MERV - XMEV - GFGC3000AB - 24hs,102.0,2024-04-11 14:02:05,10,2024-04-11 14:21:12.638,100.0,10,99.0,20,98.0,20,95.5,30,95.097,29,101.99,20,104.5,3,105.0,1,109.0,2,110.0,22,2024-04-11 14:02:06.271,,3623641,359
121,894827443,MERV - XMEV - GFGC3000AB - 24hs,102.0,2024-04-11 14:02:05,10,2024-04-11 14:21:23.031,100.0,10,99.0,20,98.0,20,95.5,30,95.097,29,101.99,20,104.5,3,105.0,1,109.0,2,110.0,22,2024-04-11 14:02:06.771,,4031641,399
122,894827573,MERV - XMEV - GFGC3150AB - 24hs,35.0,2024-04-11 14:01:42,2,2024-04-11 14:21:42.630,31.0,55,30.0,52,29.1,5,29.0,110,28.0,30,33.0,52,35.0,126,36.0,2,37.0,2,40.0,55,2024-04-11 14:02:07.474,,42000,12
123,894827812,MERV - XMEV - GFGC3000AB - 24hs,102.0,2024-04-11 14:02:05,10,2024-04-11 14:22:16.073,100.0,10,99.0,20,98.0,20,95.5,30,95.097,29,101.99,20,104.5,3,105.0,1,109.0,2,110.0,17,2024-04-11 14:02:09.075,,4031641,399
124,894827943,MERV - XMEV - GFGC3000AB - 24hs,102.0,2024-04-11 14:02:05,10,2024-04-11 14:22:39.862,100.0,10,99.0,20,98.0,20,95.5,30,95.097,29,101.99,20,102.0,10,104.5,3,105.0,27,109.0,2,2024-04-11 14:02:09.577,,4031641,399
125,894828027,MERV - XMEV - GFGC2900AB - 24hs,188.0,2024-04-11 14:02:10,10,2024-04-11 14:22:50.378,170.0,4,150.0,6,145.0,6,0.0,0,0.0,0,188.0,10,190.0,20,190.999,2,191.0,2,198.0,16,2024-04-11 14:02:10.203,,74000,4
126,894828110,MERV - XMEV - GFGC2900AB - 24hs,190.0,2024-04-11 14:02:10,10,2024-04-11 14:23:01.654,170.0,4,150.0,6,145.0,6,0.0,0,0.0,0,188.0,10,190.0,20,190.999,2,191.0,2,198.0,16,2024-04-11 14:02:10.703,,74000,4
127,894828192,MERV - XMEV - GFGC2900AB - 24hs,190.0,2024-04-11 14:02:10,10,2024-04-11 14:23:09.320,170.0,4,150.0,6,145.0,6,0.0,0,0.0,0,190.0,10,190.999,2,191.0,2,198.0,16,200.0,4,2024-04-11 14:02:11.203,,452000,24
128,894828340,MERV - XMEV - GFGC3000AB - 24hs,102.0,2024-04-11 14:02:05,10,2024-04-11 14:23:18.436,100.0,10,99.0,20,98.0,20,95.5,30,95.097,29,101.99,20,104.5,3,105.0,27,108.0,10,109.0,2,2024-04-11 14:02:12.563,,4031641,399
129,894828705,MERV - XMEV - GFGC3000AB - 24hs,101.99,2024-04-11 14:02:14,20,2024-04-11 14:23:43.024,100.0,10,99.0,20,98.0,20,95.5,30,95.097,29,101.99,20,104.5,3,105.0,27,108.0,10,109.0,2,2024-04-11 14:02:14.716,,4031641,399
130,894828764,MERV - XMEV - GFGC3000AB - 24hs,101.99,2024-04-11 14:02:14,20,2024-04-11 14:23:51.919,102.0,33,100.0,10,99.0,20,98.0,20,95.5,30,104.5,3,105.0,27,108.0,10,109.0,2,110.0,17,2024-04-11 14:02:15.383,,4031641,399
131,894828798,MERV - XMEV - GFGC3000AB - 24hs,101.99,2024-04-11 14:02:14,20,2024-04-11 14:23:52.069,102.0,33,100.0,10,99.0,20,98.0,20,95.5,30,104.5,3,105.0,27,108.0,10,109.0,2,110.0,17,2024-04-11 14:02:15.884,,4235621,419
132,894829033,MERV - XMEV - GFGC3000AB - 24hs,101.99,2024-04-11 14:02:14,20,2024-04-11 14:24:24.541,102.0,33,101.99,9,100.0,10,99.0,20,98.0,20,104.5,3,105.0,27,108.0,10,109.0,2,110.0,17,2024-04-11 14:02:17.496,,4235621,419
133,894829167,MERV - XMEV - GFGC3000AB - 24hs,102.0,2024-04-11 14:02:18,10,2024-04-11 14:24:46.511,102.0,33,101.99,9,100.0,10,99.0,20,98.0,20,104.5,3,105.0,27,108.0,10,109.0,2,110.0,17,2024-04-11 14:02:18.672,,4235621,419
134,894829173,MERV - XMEV - GFGC3150AB - 24hs,35.0,2024-04-11 14:01:42,2,2024-04-11 14:24:47.021,31.0,57,30.0,50,29.1,5,29.0,110,28.0,30,33.0,52,35.0,126,36.0,2,37.0,2,40.0,55,2024-04-11 14:02:18.732,,42000,12
135,894829372,MERV - XMEV - GFGC3000AB - 24hs,102.0,2024-04-11 14:02:18,10,2024-04-11 14:25:04.060,102.0,23,101.99,9,100.0,20,99.0,20,98.0,10,104.5,3,105.0,27,108.0,10,109.0,2,110.0,17,2024-04-11 14:02:19.461,,4235621,419
136,894829454,MERV - XMEV - GFGC3000AB - 24hs,102.0,2024-04-11 14:02:19,20,2024-04-11 14:25:09.042,102.0,23,101.99,9,100.0,20,99.0,20,98.0,10,104.5,3,105.0,27,108.0,10,109.0,2,110.0,17,2024-04-11 14:02:19.962,,4337621,429
137,894829500,MERV - XMEV - GFGC3000AB - 24hs,102.0,2024-04-11 14:02:19,20,2024-04-11 14:25:10.010,101.99,9,100.0,20,99.0,20,98.0,10,95.5,30,102.0,10,104.5,3,105.0,27,108.0,10,109.0,2,2024-04-11 14:02:20.462,,4572221,452
138,894829552,MERV - XMEV - GFGC3000AB - 24hs,102.0,2024-04-11 14:02:20,2,2024-04-11 14:25:12.939,101.99,9,100.0,20,98.0,10,95.5,30,95.097,29,102.0,8,104.5,3,105.0,27,108.0,10,109.0,2,2024-04-11 14:02:20.962,,4572221,452
139,894829614,MERV - XMEV - GFGC3000AB - 24hs,102.0,2024-04-11 14:02:20,2,2024-04-11 14:25:16.187,101.99,9,100.0,20,98.0,10,95.5,30,95.097,29,102.0,8,104.5,3,105.0,27,108.0,10,109.0,2,2024-04-11 14:02:21.483,,4592621,454
140,894830008,MERV - XMEV - GFGC2900AB - 24hs,190.0,2024-04-11 14:02:10,10,2024-04-11 14:25:56.308,170.0,4,150.0,6,145.0,6,0.0,0,0.0,0,189.0,4,190.0,10,190.999,2,191.0,2,198.0,16,2024-04-11 14:02:23.058,,452000,24
141,894830038,MERV - XMEV - GFGC3000AB - 24hs,101.99,2024-04-11 14:02:23,9,2024-04-11 14:26:01.327,101.99,9,100.0,20,98.0,10,95.5,30,95.097,29,102.0,8,104.5,3,105.0,27,108.0,10,109.0,2,2024-04-11 14:02:23.690,,4592621,454
142,894830149,MERV - XMEV - GFGC3000AB - 24hs,101.99,2024-04-11 14:02:23,9,2024-04-11 14:26:16.685,100.0,20,98.0,10,95.5,30,95.097,29,94.0,5,102.0,8,104.5,3,105.0,27,108.0,10,109.0,2,2024-04-11 14:02:24.259,,4592621,454
143,894830182,MERV - XMEV - GFGC3000AB - 24hs,101.99,2024-04-11 14:02:23,9,2024-04-11 14:26:20.004,100.0,20,98.0,10,95.5,30,95.097,29,94.0,5,102.0,8,104.5,3,105.0,27,108.0,10,109.0,2,2024-04-11 14:02:24.760,,4684412,463
144,894830790,MERV - XMEV - GFGC3000AB - 24hs,100.0,2024-04-11 14:02:28,10,2024-04-11 14:27:13.922,100.0,20,98.0,10,95.5,30,95.097,29,94.0,5,102.0,8,104.5,3,105.0,27,108.0,10,109.0,2,2024-04-11 14:02:28.092,,4684412,463
145,894830832,MERV - XMEV - GFGC3150AB - 24hs,33.0,2024-04-11 14:02:28,50,2024-04-11 14:27:15.248,31.0,57,30.0,50,29.1,5,29.0,110,28.0,30,33.0,52,35.0,126,36.0,2,37.0,2,40.0,55,2024-04-11 14:02:28.508,,42000,12
146,894830840,MERV - XMEV - GFGC3000AB - 24hs,100.0,2024-04-11 14:02:28,10,2024-04-11 14:27:16.844,100.0,20,98.0,10,95.5,30,95.097,29,94.0,5,102.0,8,104.5,3,105.0,27,108.0,10,109.0,2,2024-04-11 14:02:28.592,,4684412,463
147,894830958,MERV - XMEV - GFGC3000AB - 24hs,100.0,2024-04-11 14:02:28,10,2024-04-11 14:27:23.333,98.0,10,95.5,30,95.097,29,94.0,5,92.0,2,100.0,80,102.0,8,104.0,1,104.5,3,105.0,27,2024-04-11 14:02:29.093,,4884412,483
148,894830975,MERV - XMEV - GFGC3150AB - 24hs,33.0,2024-04-11 14:02:28,50,2024-04-11 14:27:25.841,31.0,57,30.0,50,29.1,5,29.0,110,28.0,30,33.0,2,35.0,126,36.0,2,37.0,2,40.0,55,2024-04-11 14:02:29.193,,42000,12
149,894831051,MERV - XMEV - GFGC3150AB - 24hs,33.0,2024-04-11 14:02:28,50,2024-04-11 14:27:31.017,31.0,57,30.0,50,29.1,5,29.0,110,28.0,30,33.0,2,35.0,126,36.0,2,37.0,2,40.0,55,2024-04-11 14:02:29.692,,207000,62
150,894831225,MERV - XMEV - GFGC3000AB - 24hs,100.0,2024-04-11 14:02:30,8,2024-04-11 14:27:50.312,98.0,10,95.5,30,95.097,29,94.0,5,92.0,2,100.0,80,102.0,8,104.0,1,104.5,3,105.0,27,2024-04-11 14:02:30.626,,4884412,483
151,894831384,MERV - XMEV - GFGC3000AB - 24hs,100.0,2024-04-11 14:02:30,8,2024-04-11 14:28:07.581,98.0,10,95.5,30,95.097,29,94.0,5,92.0,2,100.0,72,102.0,8,104.0,1,104.5,3,105.0,27,2024-04-11 14:02:31.294,,4884412,483
152,894831458,MERV - XMEV - GFGC3000AB - 24hs,100.0,2024-04-11 14:02:30,8,2024-04-11 14:28:18.116,98.0,10,95.5,30,95.097,29,94.0,5,92.0,2,100.0,72,102.0,8,104.0,1,104.5,3,105.0,27,2024-04-11 14:02:31.794,,4964412,491
153,894831860,MERV - XMEV - GFGC3150AB - 24hs,33.0,2024-04-11 14:02:28,50,2024-04-11 14:28:43.664,31.0,57,30.0,50,29.1,5,29.0,110,28.0,30,33.0,2,35.0,128,36.0,2,37.0,2,40.0,55,2024-04-11 14:02:33.370,,207000,62
154,894831975,MERV - XMEV - GFGC3000AB - 24hs,100.0,2024-04-11 14:02:33,33,2024-04-11 14:28:51.955,98.0,10,95.5,30,95.097,29,94.0,5,92.0,2,100.0,72,102.0,8,104.0,1,104.5,3,105.0,27,2024-04-11 14:02:33.973,,4964412,491
155,894832110,MERV - XMEV - GFGC3000AB - 24hs,100.0,2024-04-11 14:02:33,33,2024-04-11 14:28:57.941,98.0,10,95.5,30,95.097,29,94.0,5,92.0,2,100.0,39,102.0,8,104.0,1,104.5,3,105.0,27,2024-04-11 14:02:34.639,,4964412,491
156,894832192,MERV - XMEV - GFGC3000AB - 24hs,100.0,2024-04-11 14:02:33,33,2024-04-11 14:29:06.337,98.0,10,95.5,30,95.097,29,94.0,5,92.0,2,100.0,39,102.0,8,104.0,1,104.5,3,105.0,27,2024-04-11 14:02:35.140,,5294412,524
157,894832650,MERV - XMEV - GFGC3150AB - 24hs,33.0,2024-04-11 14:02:28,50,2024-04-11 14:29:59.686,31.0,57,30.0,50,29.1,5,29.0,110,28.0,30,33.0,2,35.0,228,36.0,2,37.0,2,40.0,55,2024-04-11 14:02:39.326,,207000,62
158,894832688,MERV - XMEV - GFGC2900AB - 24hs,190.0,2024-04-11 14:02:10,10,2024-04-11 14:30:00.792,170.0,4,150.0,6,145.0,6,0.0,0,0.0,0,189.0,24,190.0,10,190.999,2,191.0,2,198.0,16,2024-04-11 14:02:39.329,,452000,24
159,894832956,MERV - XMEV - GFGC3150AB - 24hs,33.0,2024-04-11 14:02:28,50,2024-04-11 14:30:14.996,31.0,72,30.0,50,29.1,5,29.0,110,28.0,30,33.0,2,35.0,228,36.0,2,37.0,2,40.0,55,2024-04-11 14:02:39.791,,207000,62
160,894833073,MERV - XMEV - GFGC3150AB - 24hs,33.0,2024-04-11 14:02:28,50,2024-04-11 14:30:23.721,31.0,70,30.0,50,29.1,5,29.0,110,28.0,30,33.0,2,35.0,228,36.0,2,37.0,2,40.0,55,2024-04-11 14:02:40.494,,207000,62
161,894833419,MERV - XMEV - GFGC3150AB - 24hs,33.0,2024-04-11 14:02:28,50,2024-04-11 14:31:03.953,31.0,70,30.0,65,29.1,5,29.0,110,28.0,30,32.999,100,33.0,2,35.0,228,36.0,2,37.0,2,2024-04-11 14:02:42.023,,207000,62
162,894833582,MERV - XMEV - GFGC3000AB - 24hs,100.0,2024-04-11 14:02:33,33,2024-04-11 14:31:27.683,98.0,10,95.5,30,95.097,29,94.0,5,92.0,2,100.0,39,101.99,1,102.0,8,104.0,1,104.5,3,2024-04-11 14:02:43.456,,5294412,524
163,894833610,MERV - XMEV - GFGC3150AB - 24hs,33.0,2024-04-11 14:02:28,50,2024-04-11 14:31:31.395,31.0,70,30.0,65,29.5,15,29.1,5,29.0,110,32.999,100,33.0,2,35.0,228,36.0,4,37.0,2,2024-04-11 14:02:43.780,,207000,62
164,894833745,MERV - XMEV - GFGC3150AB - 24hs,33.0,2024-04-11 14:02:28,50,2024-04-11 14:31:42.489,31.0,71,30.0,65,29.5,15,29.1,5,29.0,110,32.999,100,33.0,11,35.0,228,36.0,4,37.0,2,2024-04-11 14:02:44.808,,207000,62
165,894833872,MERV - XMEV - GFGC3300AB - 24hs,10.6,2024-04-11 14:00:03,70,2024-04-11 14:31:50.426,10.6,30,8.5,2,5.21,40,5.2,100,5.0,72,15.0,65,20.5,13,27.0,20,35.0,7,47.0,60,2024-04-11 14:02:46.050,,74200,70
166,894833942,MERV - XMEV - GFGC3000AB - 24hs,100.0,2024-04-11 14:02:33,33,2024-04-11 14:31:53.127,98.0,10,95.5,30,95.097,29,94.0,5,92.0,2,100.0,39,101.99,1,102.0,8,102.74,1,104.0,1,2024-04-11 14:02:46.515,,5294412,524
167,894834262,MERV - XMEV - GFGC3000AB - 24hs,100.0,2024-04-11 14:02:33,33,2024-04-11 14:32:09.273,98.0,10,95.5,30,95.097,29,94.0,5,92.0,2,100.0,89,101.99,1,102.0,8,102.74,1,103.49,1,2024-04-11 14:02:48.898,,5294412,524
168,894834301,MERV - XMEV - GFGC3150AB - 24hs,33.0,2024-04-11 14:02:28,50,2024-04-11 14:32:13.202,31.0,71,30.0,65,29.5,15,29.0,110,28.0,30,32.999,100,33.0,11,35.0,228,36.0,4,37.0,2,2024-04-11 14:02:49.186,,207000,62
169,894834327,MERV - XMEV - GFGC3000AB - 24hs,100.0,2024-04-11 14:02:49,20,2024-04-11 14:32:15.636,98.0,10,95.5,30,95.097,29,94.0,5,92.0,2,100.0,89,101.99,1,102.0,8,102.74,1,103.49,1,2024-04-11 14:02:49.398,,5294412,524
170,894834373,MERV - XMEV - GFGC3000AB - 24hs,100.0,2024-04-11 14:02:49,20,2024-04-11 14:32:20.656,98.0,10,95.5,30,95.097,29,94.0,5,92.0,2,100.0,69,101.99,1,102.0,8,102.74,1,103.49,1,2024-04-11 14:02:49.899,,5494412,544
171,894834381,MERV - XMEV - GFGC3150AB - 24hs,33.0,2024-04-11 14:02:28,50,2024-04-11 14:32:21.444,31.0,71,30.0,65,29.5,15,29.0,80,28.0,30,32.999,100,33.0,11,35.0,228,36.0,4,37.0,2,2024-04-11 14:02:49.965,,207000,62
172,894834807,MERV - XMEV - GFGC3150AB - 24hs,33.0,2024-04-11 14:02:28,50,2024-04-11 14:33:13.079,31.0,71,30.0,65,29.5,16,29.0,80,28.0,30,32.999,100,33.0,11,35.0,228,36.0,4,37.0,2,2024-04-11 14:02:52.300,,207000,62
173,894834893,MERV - XMEV - GFGC3150AB - 24hs,33.0,2024-04-11 14:02:28,50,2024-04-11 14:33:16.548,31.0,71,30.0,65,29.5,16,29.0,60,28.0,30,32.999,100,33.0,11,35.0,228,36.0,4,37.0,2,2024-04-11 14:02:52.967,,207000,62
174,894834967,MERV - XMEV - GFGC3000AB - 24hs,98.0,2024-04-11 14:02:53,10,2024-04-11 14:33:20.435,98.0,10,95.5,30,95.097,29,94.0,5,92.0,2,100.0,69,101.99,1,102.0,8,102.74,1,103.49,1,2024-04-11 14:02:54.006,,5494412,544
175,894835021,MERV - XMEV - GFGC3000AB - 24hs,98.0,2024-04-11 14:02:53,10,2024-04-11 14:33:23.126,95.5,30,95.097,29,94.0,5,92.0,2,90.0,9,100.0,69,101.99,1,102.0,8,102.74,1,103.49,1,2024-04-11 14:02:54.676,,5494412,544
176,894835065,MERV - XMEV - GFGC3000AB - 24hs,98.0,2024-04-11 14:02:53,10,2024-04-11 14:33:26.531,95.5,30,95.097,29,94.0,5,92.0,2,90.0,9,100.0,69,101.99,1,102.0,8,102.74,1,103.49,1,2024-04-11 14:02:55.175,,5592412,554
177,894835143,MERV - XMEV - GFGC3150AB - 24hs,33.0,2024-04-11 14:02:28,50,2024-04-11 14:33:29.690,31.0,71,30.0,65,29.5,16,29.0,30,28.0,30,32.999,100,33.0,11,35.0,228,36.0,4,37.0,2,2024-04-11 14:02:55.973,,207000,62
178,894835233,MERV - XMEV - GFGC3000AB - 24hs,98.0,2024-04-11 14:02:53,10,2024-04-11 14:33:39.003,95.5,30,95.097,29,94.0,5,92.0,2,90.0,9,100.0,69,101.0,254,101.99,1,102.0,8,102.74,1,2024-04-11 14:02:56.677,,5592412,554
179,894835253,MERV - XMEV - GFGC4200JU - 24hs,42.0,2024-04-11 14:00:37,25,2024-04-11 14:33:39.578,40.0,9,0.0,0,0.0,0,0.0,0,0.0,0,42.0,41,51.0,25,82.0,18,0.0,0,0.0,0,2024-04-11 14:02:56.953,,105000,25
180,894835257,MERV - XMEV - GFGC2900AB - 24hs,190.0,2024-04-11 14:02:10,10,2024-04-11 14:33:39.595,170.0,4,150.0,6,145.0,6,0.0,0,0.0,0,188.99,4,189.0,20,190.0,10,190.999,2,191.0,2,2024-04-11 14:02:57.013,,452000,24
181,894835557,MERV - XMEV - GFGC3000AB - 24hs,100.0,2024-04-11 14:02:58,1,2024-04-11 14:34:11.947,95.5,30,95.097,29,94.0,5,92.0,2,90.0,9,100.0,69,101.0,254,101.99,1,102.0,8,102.74,1,2024-04-11 14:02:58.089,,5592412,554
182,894835615,MERV - XMEV - GFGC3000AB - 24hs,100.0,2024-04-11 14:02:58,1,2024-04-11 14:34:17.607,95.5,30,95.097,29,94.0,5,92.0,2,90.0,159,100.0,68,101.0,254,101.99,1,102.0,8,102.74,1,2024-04-11 14:02:58.755,,5592412,554
183,894835692,MERV - XMEV - GFGC3000AB - 24hs,100.0,2024-04-11 14:02:58,1,2024-04-11 14:34:26.793,95.5,30,95.097,29,94.0,5,92.0,2,90.0,159,100.0,68,101.0,254,101.99,1,102.0,8,102.74,1,2024-04-11 14:02:59.255,,5602412,555
184,894835917,MERV - XMEV - GFGC3000AB - 24hs,100.0,2024-04-11 14:02:58,1,2024-04-11 14:34:53.124,99.0,10,95.5,30,95.097,29,94.0,5,92.0,2,100.0,68,101.0,254,101.99,1,102.0,8,102.74,1,2024-04-11 14:03:00.841,,5602412,555
185,894836000,MERV - XMEV - GFGC3150AB - 24hs,31.0,2024-04-11 14:03:00,39,2024-04-11 14:35:00.222,31.0,71,30.0,65,29.5,16,29.0,30,28.0,30,32.999,100,33.0,11,35.0,228,36.0,4,37.0,2,2024-04-11 14:03:01.133,,207000,62
186,894836026,MERV - XMEV - GFGC4200JU - 24hs,42.0,2024-04-11 14:00:37,25,2024-04-11 14:35:00.835,40.0,9,0.0,0,0.0,0,0.0,0,0.0,0,42.0,41,46.0,30,51.0,25,82.0,18,0.0,0,2024-04-11 14:03:01.148,,105000,25
187,894836140,MERV - XMEV - GFGC3150AB - 24hs,31.0,2024-04-11 14:03:00,39,2024-04-11 14:35:07.040,31.0,27,30.0,70,29.5,16,29.0,30,28.0,30,32.999,100,33.0,11,35.0,228,36.0,4,37.0,2,2024-04-11 14:03:01.633,,327900,101
188,894836207,MERV - XMEV - GFGC4200JU - 24hs,42.0,2024-04-11 14:00:37,25,2024-04-11 14:35:10.250,40.0,9,0.0,0,0.0,0,0.0,0,0.0,0,42.0,41,46.0,30,50.0,30,51.0,25,82.0,18,2024-04-11 14:03:01.858,,105000,25
189,894836677,MERV - XMEV - GFGC3000AB - 24hs,100.0,2024-04-11 14:02:58,1,2024-04-11 14:35:55.383,99.0,10,95.5,30,94.0,5,92.0,2,90.0,159,100.0,68,101.0,254,101.99,1,102.0,8,102.74,1,2024-04-11 14:03:04.400,,5602412,555
190,894836861,MERV - XMEV - GFGC3300AB - 24hs,10.6,2024-04-11 14:03:04,30,2024-04-11 14:36:20.225,10.6,30,8.5,2,5.21,40,5.2,100,5.0,72,15.0,65,20.5,13,27.0,20,35.0,7,47.0,60,2024-04-11 14:03:05.089,,74200,70
191,894837045,MERV - XMEV - GFGC3300AB - 24hs,10.6,2024-04-11 14:03:04,30,2024-04-11 14:36:29.754,10.6,30,8.5,2,5.21,40,5.2,100,5.0,72,15.0,65,20.5,13,27.0,20,35.0,7,47.0,60,2024-04-11 14:03:05.758,,106000,100
192,894837218,MERV - XMEV - GFGC3000AB - 24hs,100.0,2024-04-11 14:03:05,1,2024-04-11 14:36:42.985,99.0,10,95.5,30,94.0,5,92.0,2,90.0,159,100.0,68,101.0,254,101.99,1,102.0,8,102.74,1,2024-04-11 14:03:06.238,,5602412,555
193,894837219,MERV - XMEV - GFGC3300AB - 24hs,10.6,2024-04-11 14:03:04,30,2024-04-11 14:36:42.989,8.5,2,5.21,40,5.2,100,5.0,72,4.0,50,10.6,20,15.0,65,20.5,13,27.0,20,35.0,7,2024-04-11 14:03:06.258,,106000,100
194,894837350,MERV - XMEV - GFGC3000AB - 24hs,100.0,2024-04-11 14:03:05,1,2024-04-11 14:36:51.925,99.0,10,95.5,30,94.0,5,92.0,2,90.0,159,100.0,17,101.0,254,101.99,1,102.0,8,102.74,1,2024-04-11 14:03:06.740,,5602412,555
195,894837483,MERV - XMEV - GFGC3000AB - 24hs,100.0,2024-04-11 14:03:05,1,2024-04-11 14:36:58.910,99.0,10,95.5,30,94.0,5,92.0,2,90.0,159,100.0,17,101.0,254,101.99,1,102.0,8,102.74,1,2024-04-11 14:03:07.240,,5612412,556
196,894837663,MERV - XMEV - GFGC3300AB - 24hs,10.6,2024-04-11 14:03:04,30,2024-04-11 14:37:19.341,8.5,2,5.21,40,5.2,100,5.0,72,4.0,50,10.6,20,15.0,80,20.5,13,27.0,20,35.0,7,2024-04-11 14:03:08.089,,106000,100
197,894837996,MERV - XMEV - GFGC3150AB - 24hs,31.0,2024-04-11 14:03:07,11,2024-04-11 14:38:02.022,31.0,27,30.0,70,29.5,16,29.0,30,28.0,30,32.999,100,33.0,11,35.0,228,36.0,4,37.0,2,2024-04-11 14:03:09.320,,327900,101
198,894838156,MERV - XMEV - GFGC3000AB - 24hs,99.0,2024-04-11 14:03:08,2,2024-04-11 14:38:09.432,99.0,10,95.5,30,94.0,5,92.0,2,90.0,159,100.0,17,101.0,254,101.99,1,102.0,8,102.74,1,2024-04-11 14:03:09.655,,5612412,556
199,894838230,MERV - XMEV - GFGC3150AB - 24hs,31.0,2024-04-11 14:03:07,1,2024-04-11 14:38:14.176,31.0,27,30.0,70,29.5,16,29.0,30,28.0,30,32.999,100,33.0,11,35.0,228,36.0,4,37.0,2,2024-04-11 14:03:09.820,,327900,101
200,894838406,MERV - XMEV - GFGC3000AB - 24hs,99.0,2024-04-11 14:03:08,2,2024-04-11 14:38:23.706,99.0,8,95.5,30,94.0,5,92.0,2,90.0,159,100.0,17,101.0,254,101.99,1,102.0,8,102.74,1,2024-04-11 14:03:10.169,,5612412,556
201,894838432,MERV - XMEV - GFGC3150AB - 24hs,31.0,2024-04-11 14:03:07,1,2024-04-11 14:38:24.009,30.0,70,29.5,16,29.0,30,28.0,30,26.0,30,31.0,44,32.999,100,33.0,11,35.0,228,36.0,4,2024-04-11 14:03:10.320,,411600,128
202,894838545,MERV - XMEV - GFGC3000AB - 24hs,99.0,2024-04-11 14:03:08,2,2024-04-11 14:38:30.770,99.0,8,95.5,30,94.0,5,92.0,2,90.0,159,100.0,17,101.0,254,101.99,1,102.0,8,102.74,1,2024-04-11 14:03:10.671,,5632212,558
203,894838789,MERV - XMEV - GFGC3150AB - 24hs,31.0,2024-04-11 14:03:07,1,2024-04-11 14:39:02.848,30.0,70,29.5,16,29.0,30,28.0,30,26.0,30,31.0,71,32.999,100,33.0,11,35.0,228,36.0,4,2024-04-11 14:03:11.300,,411600,128
204,894838929,MERV - XMEV - GFGC3150AB - 24hs,31.0,2024-04-11 14:03:09,6,2024-04-11 14:39:20.574,30.0,70,29.5,16,29.0,30,28.0,30,26.0,30,31.0,71,32.999,100,33.0,11,35.0,228,36.0,4,2024-04-11 14:03:11.800,,411600,128
205,894839130,MERV - XMEV - GFGC3150AB - 24hs,31.0,2024-04-11 14:03:09,6,2024-04-11 14:39:43.440,30.0,70,29.5,16,29.0,30,28.0,30,26.0,30,31.0,21,32.999,100,33.0,11,35.0,228,36.0,4,2024-04-11 14:03:12.300,,411600,128
206,894839209,MERV - XMEV - GFGC3000AB - 24hs,99.0,2024-04-11 14:03:08,2,2024-04-11 14:39:49.561,99.0,8,95.5,30,92.0,2,90.0,159,88.05,9,100.0,17,101.99,1,102.0,8,102.74,1,103.49,1,2024-04-11 14:03:12.573,,5632212,558
207,894839264,MERV - XMEV - GFGC3150AB - 24hs,31.0,2024-04-11 14:03:09,6,2024-04-11 14:39:52.323,30.0,70,29.5,16,29.0,30,28.0,30,26.0,30,31.0,21,32.999,100,33.0,11,35.0,228,36.0,4,2024-04-11 14:03:12.801,,566600,178
208,894840175,MERV - XMEV - GFGC3150AB - 24hs,31.0,2024-04-11 14:03:13,21,2024-04-11 14:41:23.205,30.0,70,29.5,16,29.0,30,28.0,30,26.0,30,31.0,21,32.999,100,33.0,11,35.0,228,36.0,4,2024-04-11 14:03:15.710,,566600,178
209,894840247,MERV - XMEV - GFGC3000AB - 24hs,99.0,2024-04-11 14:03:13,8,2024-04-11 14:41:27.887,99.0,8,95.5,30,92.0,2,90.0,159,88.05,9,100.0,17,101.99,1,102.0,8,102.74,1,103.49,1,2024-04-11 14:03:15.909,,5632212,558
210,894840363,MERV - XMEV - GFGC3150AB - 24hs,32.999,2024-04-11 14:03:13,79,2024-04-11 14:41:36.836,30.0,65,29.5,16,29.0,30,28.0,30,26.0,30,32.999,21,33.0,11,35.0,228,36.0,4,37.0,2,2024-04-11 14:03:16.211,,566600,178
211,894840498,MERV - XMEV - GFGC3000AB - 24hs,99.0,2024-04-11 14:03:13,8,2024-04-11 14:41:43.862,95.5,30,92.0,2,90.0,159,88.05,9,88.0,12,100.0,17,101.99,1,102.0,8,102.74,1,103.49,1,2024-04-11 14:03:16.576,,5632212,558
212,894840535,MERV - XMEV - GFGC3150AB - 24hs,32.999,2024-04-11 14:03:13,79,2024-04-11 14:41:48.448,30.0,65,29.5,16,29.0,30,28.0,30,26.0,30,32.999,21,33.0,11,35.0,228,36.0,4,37.0,2,2024-04-11 14:03:16.710,,892392,278
213,894840672,MERV - XMEV - GFGC3000AB - 24hs,99.0,2024-04-11 14:03:13,8,2024-04-11 14:41:56.604,95.5,30,92.0,2,90.0,159,88.05,9,88.0,12,100.0,17,101.99,1,102.0,8,102.74,1,103.49,1,2024-04-11 14:03:17.109,,5711412,566
214,894840924,MERV - XMEV - GFGC3000AB - 24hs,100.0,2024-04-11 14:03:15,17,2024-04-11 14:42:21.803,95.5,30,92.0,2,90.0,159,88.05,9,88.0,12,100.0,17,101.99,1,102.0,8,102.74,1,103.49,1,2024-04-11 14:03:18.091,,5711412,566
215,894841109,MERV - XMEV - GFGC3000AB - 24hs,100.0,2024-04-11 14:03:15,17,2024-04-11 14:42:48.714,95.5,30,92.0,2,90.0,159,88.05,9,88.0,12,101.99,1,102.0,8,102.74,1,103.49,1,104.0,1,2024-04-11 14:03:18.590,,5881412,583
216,894841463,MERV - XMEV - GFGC3300AB - 24hs,10.6,2024-04-11 14:03:17,20,2024-04-11 14:43:15.296,8.5,2,5.21,40,5.2,100,5.0,72,4.0,50,10.6,20,15.0,80,20.5,13,27.0,20,35.0,7,2024-04-11 14:03:19.900,,106000,100
217,894841580,MERV - XMEV - GFGC3000AB - 24hs,100.0,2024-04-11 14:03:15,17,2024-04-11 14:43:22.829,100.0,17,95.5,30,92.0,2,90.0,159,88.05,9,101.99,1,102.0,8,102.4,10,102.74,1,103.49,1,2024-04-11 14:03:20.395,,5881412,583
218,894841636,MERV - XMEV - GFGC3300AB - 24hs,10.6,2024-04-11 14:03:17,20,2024-04-11 14:43:26.363,8.5,2,5.21,40,5.2,100,5.0,72,4.0,50,10.6,20,15.0,80,20.5,13,27.0,20,35.0,7,2024-04-11 14:03:20.568,,127200,120
219,894841740,MERV - XMEV - GFGC3300AB - 24hs,10.6,2024-04-11 14:03:17,20,2024-04-11 14:43:33.394,10.6,30,8.5,2,5.21,40,5.2,100,5.0,72,15.0,80,20.5,13,27.0,20,35.0,7,47.0,60,2024-04-11 14:03:21.069,,127200,120
220,894842329,MERV - XMEV - GFGC3150AB - 24hs,32.999,2024-04-11 14:03:13,79,2024-04-11 14:44:39.686,31.5,50,30.0,65,29.5,16,29.0,30,28.0,30,32.999,21,33.0,11,35.0,228,36.0,4,37.0,2,2024-04-11 14:03:23.122,,892392,278
221,894842420,MERV - XMEV - GFGC3000AB - 24hs,100.0,2024-04-11 14:03:15,17,2024-04-11 14:44:45.904,100.0,17,95.5,30,92.0,2,90.1,10,90.0,159,101.99,1,102.0,8,102.4,10,102.74,1,103.49,1,2024-04-11 14:03:23.522,,5881412,583
222,894842745,MERV - XMEV - GFGC3300AB - 24hs,10.6,2024-04-11 14:03:17,20,2024-04-11 14:45:06.161,10.6,50,8.5,2,5.21,40,5.2,100,5.0,72,15.0,80,20.5,13,27.0,20,35.0,7,47.0,60,2024-04-11 14:03:24.639,,127200,120
223,894843500,MERV - XMEV - GFGC3000AB - 24hs,100.0,2024-04-11 14:03:15,17,2024-04-11 14:46:16.147,100.0,17,95.5,30,92.0,2,90.1,10,90.0,159,101.99,1,102.0,135,102.4,10,102.74,1,103.49,1,2024-04-11 14:03:27.137,,5881412,583
224,894843720,MERV - XMEV - GFGC3000AB - 24hs,100.0,2024-04-11 14:03:15,17,2024-04-11 14:46:29.994,100.0,18,95.5,30,92.0,2,90.1,10,90.0,159,101.99,1,102.0,135,102.4,10,102.74,1,103.49,1,2024-04-11 14:03:27.872,,5881412,583
225,894843757,MERV - XMEV - GFGC3600AB - 24hs,3.1,2024-04-11 14:00:44,10,2024-04-11 14:46:34.092,1.101,10,1.1,15,1.0,100,0.3,60,0.0,0,3.1,13,4.99,30,5.0,20,6.0,36,7.0,8,2024-04-11 14:03:27.993,,3100,10
226,894843958,MERV - XMEV - GFGC3000AB - 24hs,100.0,2024-04-11 14:03:15,17,2024-04-11 14:46:47.513,100.0,18,95.5,30,92.0,2,90.1,10,90.001,1,101.99,1,102.0,135,102.4,10,102.74,1,103.49,1,2024-04-11 14:03:28.627,,5881412,583
227,894844603,MERV - XMEV - GFGC3150AB - 24hs,31.5,2024-04-11 14:03:27,50,2024-04-11 14:48:00.653,31.5,50,30.0,65,29.5,16,29.0,30,28.0,30,32.999,21,33.0,11,35.0,228,36.0,4,37.0,2,2024-04-11 14:03:31.308,,892392,278
228,894844791,MERV - XMEV - GFGC3150AB - 24hs,31.5,2024-04-11 14:03:27,50,2024-04-11 14:48:15.888,30.0,65,29.5,16,29.0,30,28.0,30,26.0,30,32.999,21,33.0,11,35.0,228,36.0,4,37.0,2,2024-04-11 14:03:31.984,,892392,278
229,894844910,MERV - XMEV - GFGC3150AB - 24hs,31.5,2024-04-11 14:03:27,50,2024-04-11 14:48:24.672,30.0,65,29.5,16,29.0,30,28.0,30,26.0,30,32.999,21,33.0,11,35.0,228,36.0,4,37.0,2,2024-04-11 14:03:32.486,,1049892,328
230,894845075,MERV - XMEV - GFGC3000AB - 24hs,100.0,2024-04-11 14:03:15,17,2024-04-11 14:48:38.759,100.0,18,95.5,30,92.0,2,90.1,10,90.001,1,101.99,2,102.0,144,102.4,10,102.74,1,103.49,1,2024-04-11 14:03:33.034,,5881412,583
